Date,Children apprehended and placed in CBP custody*,Children in CBP custody,Children transferred out of CBP custody,Children in HHS Care,Children discharged from HHS Care,Transfer Efficiency,Discharge Effectiveness,Pipeline Throughput,Inflow,Exits
21-12-2025,6,18,11,2484,14,0.611111111,0.005636071,1.041666667,24,25
18-12-2025,11,50,6,2472,16,0.12,0.006472492,0.360655738,61,22
17-12-2025,7,31,11,2481,10,0.35483871,0.004030633,0.552631579,38,21
16-12-2025,8,54,15,2468,9,0.277777778,0.003646677,0.387096774,62,24
15-12-2025,11,42,9,2470,7,0.214285714,0.002834008,0.301886792,53,16
14-12-2025,8,35,4,2462,8,0.114285714,0.003249391,0.279069767,43,12
11-12-2025,7,47,9,2437,10,0.191489362,0.004103406,0.351851852,54,19
10-12-2025,10,54,5,2439,9,0.092592593,0.003690037,0.21875,64,14
09-12-2025,4,30,7,2443,8,0.233333333,0.003274662,0.441176471,34,15
08-12-2025,9,27,9,2440,4,0.333333333,0.001639344,0.361111111,36,13
07-12-2025,4,24,13,2429,12,0.541666667,0.004940305,0.892857143,28,25
04-12-2025,16,39,7,2418,13,0.179487179,0.005376344,0.363636364,55,20
03-12-2025,4,32,8,2419,7,0.25,0.002893758,0.416666667,36,15
02-12-2025,7,34,6,2407,8,0.176470588,0.003323639,0.341463415,41,14
01-12-2025,4,26,4,2410,9,0.153846154,0.00373444,0.433333333,30,13
30-11-2025,4,18,10,2415,0,0.555555556,0,0.454545455,22,10
27-11-2025,4,24,8,2389,7,0.333333333,0.002930096,0.535714286,28,15
25-11-2025,6,47,14,2375,11,0.29787234,0.004631579,0.471698113,53,25
24-11-2025,9,40,9,2371,13,0.225,0.005482919,0.448979592,49,22
23-11-2025,3,46,22,2375,1,0.47826087,0.000421053,0.469387755,49,23
20-11-2025,18,57,8,2340,9,0.140350877,0.003846154,0.226666667,75,17
19-11-2025,7,32,3,2340,10,0.09375,0.004273504,0.333333333,39,13
18-11-2025,2,38,8,2345,12,0.210526316,0.005117271,0.5,40,20
17-11-2025,1,35,6,2343,8,0.171428571,0.003414426,0.388888889,36,14
16-11-2025,5,22,3,2340,5,0.136363636,0.002136752,0.296296296,27,8
13-11-2025,6,26,16,2317,5,0.615384615,0.002157963,0.65625,32,21
12-11-2025,14,48,20,2302,7,0.416666667,0.003040834,0.435483871,62,27
11-11-2025,11,39,12,2294,14,0.307692308,0.006102877,0.52,50,26
09-11-2025,11,33,5,2294,4,0.151515152,0.001743679,0.204545455,44,9
06-11-2025,6,33,9,2264,19,0.272727273,0.008392226,0.717948718,39,28
05-11-2025,8,41,8,2272,7,0.195121951,0.003080986,0.306122449,49,15
04-11-2025,6,33,6,2270,8,0.181818182,0.003524229,0.358974359,39,14
03-11-2025,3,28,5,2269,12,0.178571429,0.005288673,0.548387097,31,17
02-11-2025,5,21,10,2277,7,0.476190476,0.00307422,0.653846154,26,17
30-10-2025,3,17,14,2287,12,0.823529412,0.005247049,1.3,20,26
29-10-2025,6,25,4,2280,17,0.16,0.00745614,0.677419355,31,21
28-10-2025,6,22,11,2286,6,0.5,0.002624672,0.607142857,28,17
27-10-2025,2,31,8,2282,11,0.258064516,0.004820333,0.575757576,33,19
26-10-2025,4,35,12,2276,10,0.342857143,0.004393673,0.564102564,39,22
23-10-2025,4,27,26,2266,18,0.962962963,0.007943513,1.419354839,31,44
22-10-2025,12,42,13,2261,12,0.30952381,0.005307386,0.462962963,54,25
21-10-2025,13,39,17,2251,9,0.435897436,0.003998223,0.5,52,26
20-10-2025,10,39,6,2243,7,0.153846154,0.00312082,0.265306122,49,13
19-10-2025,9,34,17,2237,7,0.5,0.003129191,0.558139535,43,24
16-10-2025,9,33,15,2233,9,0.454545455,0.004030452,0.571428571,42,24
15-10-2025,8,29,10,2225,15,0.344827586,0.006741573,0.675675676,37,25
14-10-2025,7,30,16,2235,8,0.533333333,0.003579418,0.648648649,37,24
13-10-2025,8,24,7,2223,6,0.291666667,0.002699055,0.40625,32,13
09-10-2025,11,55,13,2192,12,0.236363636,0.005474453,0.378787879,66,25
08-10-2025,8,49,15,2192,17,0.306122449,0.007755474,0.561403509,57,32
07-10-2025,11,45,4,2189,10,0.088888889,0.004568296,0.25,56,14
06-10-2025,5,33,15,2187,10,0.454545455,0.004572474,0.657894737,38,25
05-10-2025,8,28,13,2180,16,0.464285714,0.00733945,0.805555556,36,29
02-10-2025,20,51,15,2164,16,0.294117647,0.007393715,0.436619718,71,31
01-10-2025,4,33,12,2163,14,0.363636364,0.006472492,0.702702703,37,26
30-09-2025,8,32,12,2159,7,0.375,0.003242242,0.475,40,19
29-09-2025,8,35,12,2148,13,0.342857143,0.006052142,0.581395349,43,25
28-09-2025,11,29,12,2146,9,0.413793103,0.004193849,0.525,40,21
25-09-2025,6,35,12,2132,18,0.342857143,0.008442777,0.731707317,41,30
24-09-2025,3,38,12,2138,17,0.315789474,0.007951356,0.707317073,41,29
23-09-2025,11,36,10,2145,15,0.277777778,0.006993007,0.531914894,47,25
22-09-2025,17,40,14,2141,10,0.35,0.004670715,0.421052632,57,24
21-09-2025,8,35,13,2134,5,0.371428571,0.002343018,0.418604651,43,18
18-09-2025,20,52,11,2096,14,0.211538462,0.006679389,0.347222222,72,25
17-09-2025,7,38,5,2096,13,0.131578947,0.00620229,0.4,45,18
16-09-2025,7,28,17,2095,12,0.607142857,0.005727924,0.828571429,35,29
15-09-2025,9,47,10,2086,10,0.212765957,0.004793864,0.357142857,56,20
14-09-2025,7,39,13,2083,5,0.333333333,0.002400384,0.391304348,46,18
11-09-2025,12,38,29,2047,6,0.763157895,0.002931119,0.7,50,35
10-09-2025,10,47,14,2025,18,0.29787234,0.008888889,0.561403509,57,32
09-09-2025,18,42,11,2023,14,0.261904762,0.006920415,0.416666667,60,25
08-09-2025,7,25,5,2025,6,0.2,0.002962963,0.34375,32,11
07-09-2025,4,19,9,2026,7,0.473684211,0.003455084,0.695652174,23,16
04-09-2025,11,40,2,2015,14,0.05,0.006947891,0.31372549,51,16
03-09-2025,4,29,11,2019,10,0.379310345,0.004952947,0.636363636,33,21
02-09-2025,6,35,9,2020,9,0.257142857,0.004455446,0.43902439,41,18
01-09-2025,10,29,17,2010,5,0.586206897,0.002487562,0.564102564,39,22
28-08-2025,8,33,6,1984,17,0.181818182,0.008568548,0.56097561,41,23
27-08-2025,5,19,9,1988,19,0.473684211,0.009557344,1.166666667,24,28
26-08-2025,10,21,20,1989,15,0.952380952,0.007541478,1.129032258,31,35
25-08-2025,8,30,8,1980,11,0.266666667,0.005555556,0.5,38,19
24-08-2025,4,21,5,1981,5,0.238095238,0.002523978,0.4,25,10
21-08-2025,6,49,8,1972,21,0.163265306,0.010649087,0.527272727,55,29
20-08-2025,10,38,10,1983,10,0.263157895,0.005042864,0.416666667,48,20
19-08-2025,5,35,3,1980,11,0.085714286,0.005555556,0.35,40,14
18-08-2025,4,20,6,1985,14,0.3,0.007052897,0.833333333,24,20
17-08-2025,4,14,2,1991,3,0.142857143,0.001506781,0.277777778,18,5
14-08-2025,3,27,4,1994,11,0.148148148,0.00551655,0.5,30,15
13-08-2025,6,22,12,1997,17,0.545454545,0.008512769,1.035714286,28,29
12-08-2025,8,38,9,1999,9,0.236842105,0.004502251,0.391304348,46,18
11-08-2025,6,23,4,1999,16,0.173913043,0.008004002,0.689655172,29,20
10-08-2025,0,18,8,2006,12,0.444444444,0.005982054,1.111111111,18,20
07-08-2025,4,18,6,2031,17,0.333333333,0.008370261,1.045454545,22,23
06-08-2025,4,17,3,2036,13,0.176470588,0.006385069,0.761904762,21,16
05-08-2025,2,21,10,2042,14,0.476190476,0.006856024,1.043478261,23,24
04-08-2025,5,22,11,2040,14,0.5,0.006862745,0.925925926,27,25
03-08-2025,5,26,3,2049,5,0.115384615,0.002440215,0.258064516,31,8
31-07-2025,2,9,6,2058,15,0.666666667,0.00728863,1.909090909,11,21
30-07-2025,4,15,4,2063,16,0.266666667,0.007755696,1.052631579,19,20
29-07-2025,2,8,3,2072,12,0.375,0.005791506,1.5,10,15
28-07-2025,2,9,3,2080,14,0.333333333,0.006730769,1.545454545,11,17
27-07-2025,1,12,2,2088,4,0.166666667,0.001915709,0.461538462,13,6
24-07-2025,6,18,7,2096,29,0.388888889,0.013835878,1.5,24,36
23-07-2025,6,21,5,2111,14,0.238095238,0.006631928,0.703703704,27,19
22-07-2025,5,13,3,2117,16,0.230769231,0.007557865,1.055555556,18,19
21-07-2025,4,18,7,2121,16,0.388888889,0.007543612,1.045454545,22,23
17-07-2025,3,16,2,2153,17,0.125,0.007895959,1,19,19
16-07-2025,1,9,0,2164,11,0,0.005083179,1.1,10,11
15-07-2025,0,8,5,2171,17,0.625,0.007830493,2.75,8,22
14-07-2025,2,9,1,2181,26,0.111111111,0.011921137,2.454545455,11,27
13-07-2025,1,13,4,2204,10,0.307692308,0.004537205,1,14,14
10-07-2025,2,12,3,2252,39,0.25,0.01731794,3,14,42
09-07-2025,2,18,0,2281,32,0,0.014028935,1.6,20,32
08-07-2025,5,16,8,2306,20,0.5,0.008673027,1.333333333,21,28
07-07-2025,3,18,8,2317,20,0.444444444,0.008631852,1.333333333,21,28
06-07-2025,4,17,2,2332,8,0.117647059,0.003430532,0.476190476,21,10
02-07-2025,8,20,9,2373,38,0.45,0.016013485,1.678571429,28,47
01-07-2025,7,14,6,2391,22,0.428571429,0.009201171,1.333333333,21,28
30-06-2025,9,22,8,2407,16,0.363636364,0.006647279,0.774193548,31,24
29-06-2025,5,17,7,2413,20,0.411764706,0.008288438,1.227272727,22,27
26-06-2025,3,9,7,2447,35,0.777777778,0.014303228,3.5,12,42
25-06-2025,6,12,2,2470,24,0.166666667,0.009716599,1.444444444,18,26
24-06-2025,5,20,5,2489,16,0.25,0.006428284,0.84,25,21
23-06-2025,3,15,5,2495,17,0.333333333,0.006813627,1.222222222,18,22
22-06-2025,7,13,5,2508,7,0.384615385,0.002791069,0.6,20,12
19-06-2025,8,19,7,2501,18,0.368421053,0.007197121,0.925925926,27,25
17-06-2025,7,24,10,2523,14,0.416666667,0.00554895,0.774193548,31,24
10-06-2025,17,28,7,2511,12,0.25,0.004778973,0.422222222,45,19
09-06-2025,8,21,14,2516,9,0.666666667,0.003577107,0.793103448,29,23
08-06-2025,10,16,15,2507,13,0.9375,0.005185481,1.076923077,26,28
05-06-2025,8,26,5,2503,21,0.192307692,0.008389932,0.764705882,34,26
04-06-2025,4,16,9,2516,16,0.5625,0.0063593,1.25,20,25
03-06-2025,5,23,11,2519,15,0.47826087,0.005954744,0.928571429,28,26
02-06-2025,10,19,5,2518,16,0.263157895,0.006354249,0.724137931,29,21
01-06-2025,8,24,16,2528,12,0.666666667,0.004746835,0.875,32,28
29-05-2025,13,38,15,2506,11,0.394736842,0.004389465,0.509803922,51,26
28-05-2025,12,39,12,2499,14,0.307692308,0.005602241,0.509803922,51,26
27-05-2025,6,24,7,2504,11,0.291666667,0.004392971,0.6,30,18
22-05-2025,18,36,17,2473,15,0.472222222,0.006065507,0.592592593,54,32
21-05-2025,14,62,13,2467,18,0.209677419,0.007296311,0.407894737,76,31
19-05-2025,7,27,17,2457,6,0.62962963,0.002442002,0.676470588,34,23
18-05-2025,13,28,14,2437,9,0.5,0.003693065,0.56097561,41,23
15-05-2025,15,31,14,2410,14,0.451612903,0.005809129,0.608695652,46,28
14-05-2025,7,30,14,2394,11,0.466666667,0.00459482,0.675675676,37,25
13-05-2025,18,29,12,2394,11,0.413793103,0.00459482,0.489361702,47,23
12-05-2025,7,33,14,2392,7,0.424242424,0.002926421,0.525,40,21
11-05-2025,15,20,12,2385,3,0.6,0.001257862,0.428571429,35,15
08-05-2025,15,24,16,2361,11,0.666666667,0.004659043,0.692307692,39,27
07-05-2025,10,30,15,2335,10,0.5,0.004282655,0.625,40,25
06-05-2025,10,33,16,2339,16,0.484848485,0.00684053,0.744186047,43,32
05-05-2025,15,44,20,2331,17,0.454545455,0.007293007,0.627118644,59,37
04-05-2025,9,31,10,2335,5,0.322580645,0.002141328,0.375,40,15
01-05-2025,13,32,14,2306,16,0.4375,0.006938422,0.666666667,45,30
30-04-2025,7,34,9,2309,12,0.264705882,0.005197055,0.512195122,41,21
29-04-2025,11,25,11,2304,15,0.44,0.006510417,0.722222222,36,26
28-04-2025,6,26,12,2307,8,0.461538462,0.003467707,0.625,32,20
27-04-2025,9,40,12,2301,4,0.3,0.001738375,0.326530612,49,16
24-04-2025,3,9,7,2294,13,0.777777778,0.005666957,1.666666667,12,20
23-04-2025,3,23,4,2300,11,0.173913043,0.004782609,0.576923077,26,15
22-04-2025,7,19,14,2305,17,0.736842105,0.007375271,1.192307692,26,31
21-04-2025,10,25,5,2308,6,0.2,0.002599653,0.314285714,35,11
20-04-2025,4,15,6,2305,4,0.4,0.001735358,0.526315789,19,10
17-04-2025,7,26,10,2288,14,0.384615385,0.006118881,0.727272727,33,24
16-04-2025,11,30,5,2291,8,0.166666667,0.003491925,0.317073171,41,13
15-04-2025,4,19,12,2286,7,0.631578947,0.003062117,0.826086957,23,19
14-04-2025,5,26,9,2282,13,0.346153846,0.005696757,0.709677419,31,22
13-04-2025,5,26,10,2283,3,0.384615385,0.00131406,0.419354839,31,13
11-04-2025,8,22,8,2267,9,0.363636364,0.003970004,0.566666667,30,17
10-04-2025,18,25,17,2265,6,0.68,0.002649007,0.534883721,43,23
09-04-2025,6,19,10,2251,5,0.526315789,0.002221235,0.6,25,15
08-04-2025,12,34,12,2243,9,0.352941176,0.004012483,0.456521739,46,21
07-04-2025,12,22,9,2237,5,0.409090909,0.002235136,0.411764706,34,14
06-04-2025,7,14,7,2234,11,0.5,0.004923903,0.857142857,21,18
03-04-2025,12,26,18,2223,8,0.692307692,0.00359874,0.684210526,38,26
02-04-2025,5,31,16,2208,3,0.516129032,0.001358696,0.527777778,36,19
01-04-2025,17,36,7,2191,12,0.194444444,0.005476951,0.358490566,53,19
31-03-2025,9,25,8,2193,5,0.32,0.002279982,0.382352941,34,13
30-03-2025,9,20,5,2188,2,0.25,0.000914077,0.24137931,29,7
27-03-2025,1,19,13,2159,2,0.684210526,0.000926355,0.75,20,15
26-03-2025,9,21,15,2159,2,0.714285714,0.000926355,0.566666667,30,17
25-03-2025,12,19,7,2145,6,0.368421053,0.002797203,0.419354839,31,13
24-03-2025,7,13,11,2139,7,0.846153846,0.003272557,0.9,20,18
23-03-2025,15,29,9,2136,2,0.310344828,0.00093633,0.25,44,11
20-03-2025,9,20,11,2124,7,0.55,0.003295669,0.620689655,29,18
19-03-2025,6,22,14,2119,9,0.636363636,0.004247286,0.821428571,28,23
18-03-2025,19,34,6,2109,8,0.176470588,0.003793267,0.264150943,53,14
17-03-2025,5,14,0,2111,8,0,0.003789673,0.421052632,19,8
16-03-2025,1,9,8,2117,5,0.888888889,0.002361833,1.3,10,13
13-03-2025,4,20,9,2116,6,0.45,0.002835539,0.625,24,15
12-03-2025,6,18,2,2113,8,0.111111111,0.003786086,0.416666667,24,10
11-03-2025,3,11,7,2116,20,0.636363636,0.009451796,1.928571429,14,27
10-03-2025,6,28,8,2125,23,0.285714286,0.010823529,0.911764706,34,31
09-03-2025,12,25,15,2137,30,0.6,0.014038372,1.216216216,37,45
06-03-2025,7,27,6,2218,33,0.222222222,0.014878269,1.147058824,34,39
05-03-2025,5,20,4,2238,40,0.2,0.017873101,1.76,25,44
04-03-2025,4,25,10,2272,30,0.4,0.013204225,1.379310345,29,40
03-03-2025,8,29,18,2287,25,0.620689655,0.010931351,1.162162162,37,43
02-03-2025,12,24,4,2297,31,0.166666667,0.013495864,0.972222222,36,35
27-02-2025,10,15,17,2391,37,1.133333333,0.015474697,2.16,25,54
26-02-2025,12,21,1,2411,23,0.047619048,0.00953961,0.727272727,33,24
25-02-2025,11,7,7,2413,23,1,0.009531703,1.666666667,18,30
24-02-2025,20,22,14,2413,24,0.636363636,0.009946125,0.904761905,42,38
23-02-2025,7,16,8,2423,35,0.5,0.014444903,1.869565217,23,43
20-02-2025,13,25,15,2520,32,0.6,0.012698413,1.236842105,38,47
19-02-2025,12,17,17,2528,19,1,0.007515823,1.24137931,29,36
18-02-2025,18,19,11,2536,9,0.578947368,0.003548896,0.540540541,37,20
17-02-2025,8,17,14,2532,15,0.823529412,0.005924171,1.16,25,29
13-02-2025,15,10,23,2703,72,2.3,0.02663707,3.8,25,95
12-02-2025,16,20,20,2752,66,1,0.023982558,2.388888889,36,86
11-02-2025,11,22,12,2799,50,0.545454545,0.017863523,1.878787879,33,62
10-02-2025,16,18,15,2834,63,0.833333333,0.022230064,2.294117647,34,78
09-02-2025,15,13,23,2878,99,1.769230769,0.034398888,4.357142857,28,122
06-02-2025,25,32,27,3181,145,0.84375,0.04558315,3.01754386,57,172
05-02-2025,26,36,36,3290,104,1,0.031610942,2.258064516,62,140
04-02-2025,34,54,29,3359,74,0.537037037,0.022030366,1.170454545,88,103
03-02-2025,23,45,11,3403,102,0.244444444,0.029973553,1.661764706,68,113
02-02-2025,20,22,41,3483,168,1.863636364,0.048234281,4.976190476,42,209
30-01-2025,47,42,47,3923,159,1.119047619,0.040530206,2.314606742,89,206
29-01-2025,32,50,39,4036,99,0.78,0.024529237,1.682926829,82,138
28-01-2025,32,49,39,4096,101,0.795918367,0.024658203,1.728395062,81,140
27-01-2025,33,53,34,4161,127,0.641509434,0.030521509,1.872093023,86,161
26-01-2025,29,51,11,4241,182,0.215686275,0.042914407,2.4125,80,193
23-01-2025,91,75,97,4621,174,1.293333333,0.037654187,1.63253012,166,271
22-01-2025,62,97,52,4717,83,0.536082474,0.01759593,0.849056604,159,135
21-01-2025,59,64,117,4728,54,1.828125,0.01142132,1.390243902,123,171
20-01-2025,84,118,136,4638,127,1.152542373,0.027382492,1.301980198,202,263
19-01-2025,86,152,168,4628,176,1.105263158,0.038029386,1.445378151,238,344
16-01-2025,106,196,131,4881,159,0.668367347,0.032575292,0.960264901,302,290
15-01-2025,113,162,107,4903,164,0.660493827,0.033448909,0.985454545,275,271
14-01-2025,92,124,93,4957,139,0.75,0.028041154,1.074074074,216,232
13-01-2025,68,107,102,5019,181,0.953271028,0.036062961,1.617142857,175,283
12-01-2025,74,103,80,5092,235,0.776699029,0.046150825,1.779661017,177,315
09-01-2025,56,82,68,5507,164,0.829268293,0.02978028,1.68115942,138,232
08-01-2025,38,80,82,5605,184,1.025,0.032827832,2.254237288,118,266
07-01-2025,65,83,65,5703,133,0.78313253,0.023321059,1.337837838,148,198
06-01-2025,41,60,71,5769,190,1.183333333,0.032934651,2.584158416,101,261
05-01-2025,43,73,64,5882,185,0.876712329,0.031451887,2.146551724,116,249
02-01-2025,35,70,53,6292,170,0.757142857,0.027018436,2.123809524,105,223
01-01-2025,25,66,94,6405,144,1.424242424,0.022482436,2.615384615,91,238
30-12-2024,99,156,139,6454,177,0.891025641,0.027424853,1.239215686,255,316
29-12-2024,107,170,133,6465,216,0.782352941,0.033410673,1.259927798,277,349
26-12-2024,80,122,152,6707,135,1.245901639,0.020128224,1.420792079,202,287
25-12-2024,57,162,193,6689,107,1.191358025,0.015996412,1.369863014,219,300
24-12-2024,161,304,211,6622,155,0.694078947,0.023406826,0.787096774,465,366
23-12-2024,205,294,177,6548,231,0.602040816,0.035277947,0.817635271,499,408
22-12-2024,100,255,236,6595,268,0.925490196,0.040636846,1.41971831,355,504
19-12-2024,269,412,204,6600,238,0.495145631,0.036060606,0.649045521,681,442
18-12-2024,168,285,210,6598,134,0.736842105,0.020309185,0.759381898,453,344
17-12-2024,187,310,247,6506,151,0.796774194,0.023209345,0.800804829,497,398
16-12-2024,133,287,189,6454,149,0.658536585,0.023086458,0.804761905,420,338
15-12-2024,180,337,219,6408,224,0.649851632,0.034956305,0.856866538,517,443
12-12-2024,153,253,286,6481,194,1.130434783,0.029933652,1.18226601,406,480
11-12-2024,209,353,232,6402,152,0.657223796,0.02374258,0.683274021,562,384
10-12-2024,167,326,213,6310,149,0.653374233,0.023613312,0.734279919,493,362
09-12-2024,224,315,152,6268,174,0.482539683,0.027760051,0.604823748,539,326
08-12-2024,132,243,183,6286,172,0.75308642,0.027362393,0.946666667,375,355
05-12-2024,218,283,208,6310,150,0.734982332,0.023771791,0.714570858,501,358
04-12-2024,118,245,160,6269,115,0.653061224,0.018344234,0.757575758,363,275
03-12-2024,81,230,242,6192,107,1.052173913,0.017280362,1.122186495,311,349
02-12-2024,236,330,222,6061,115,0.672727273,0.018973767,0.59540636,566,337
01-12-2024,196,306,187,5986,149,0.611111111,0.024891413,0.669322709,502,336
28-11-2024,113,280,237,5963,143,0.846428571,0.023981218,0.96692112,393,380
27-11-2024,239,367,224,5862,211,0.610354223,0.035994541,0.717821782,606,435
26-11-2024,152,272,214,5826,112,0.786764706,0.019224168,0.768867925,424,326
25-11-2024,170,297,196,5715,129,0.65993266,0.022572178,0.695931478,467,325
24-11-2024,191,283,192,5664,207,0.67844523,0.03654661,0.841772152,474,399
21-11-2024,109,214,173,5850,210,0.808411215,0.035897436,1.185758514,323,383
20-11-2024,155,212,181,5879,148,0.853773585,0.025174349,0.896457766,367,329
19-11-2024,119,209,152,5844,146,0.727272727,0.024982888,0.908536585,328,298
18-11-2024,143,203,163,5819,138,0.802955665,0.023715415,0.869942197,346,301
17-11-2024,105,210,149,5816,195,0.70952381,0.033528198,1.092063492,315,344
14-11-2024,119,219,210,6025,172,0.95890411,0.028547718,1.130177515,338,382
13-11-2024,148,245,175,5966,151,0.714285714,0.025310091,0.829516539,393,326
12-11-2024,142,235,139,5975,138,0.591489362,0.023096234,0.734748011,377,277
11-11-2024,118,139,168,5963,145,1.208633094,0.024316619,1.217898833,257,313
07-11-2024,125,232,192,6084,177,0.827586207,0.029092702,1.033613445,357,369
06-11-2024,156,256,176,6086,137,0.6875,0.02251068,0.759708738,412,313
05-11-2024,109,245,159,6045,126,0.648979592,0.020843672,0.805084746,354,285
04-11-2024,167,209,157,6007,132,0.751196172,0.021974363,0.768617021,376,289
03-11-2024,84,171,157,5990,184,0.918128655,0.030717863,1.337254902,255,341
31-10-2024,87,246,173,6148,177,0.703252033,0.02878985,1.051051051,333,350
30-10-2024,136,276,178,6149,160,0.644927536,0.026020491,0.82038835,412,338
29-10-2024,166,277,229,6106,126,0.826714801,0.020635441,0.801354402,443,355
28-10-2024,110,272,193,6008,156,0.709558824,0.025965379,0.913612565,382,349
27-10-2024,202,313,158,5974,192,0.504792332,0.03213927,0.67961165,515,350
23-10-2024,134,294,186,6077,138,0.632653061,0.022708573,0.757009346,428,324
22-10-2024,180,280,146,6043,109,0.521428571,0.018037399,0.554347826,460,255
21-10-2024,108,220,213,5966,154,0.968181818,0.02581294,1.118902439,328,367
20-10-2024,147,276,214,5918,195,0.775362319,0.032950321,0.966903073,423,409
17-10-2024,104,230,206,6076,160,0.895652174,0.026333114,1.095808383,334,366
16-10-2024,174,285,150,6036,129,0.526315789,0.021371769,0.607843137,459,279
15-10-2024,113,208,159,6013,107,0.764423077,0.017794778,0.828660436,321,266
14-10-2024,88,214,160,5935,106,0.747663551,0.017860152,0.880794702,302,266
13-10-2024,130,227,192,5889,210,0.845814978,0.035659705,1.12605042,357,402
10-10-2024,84,158,193,6075,159,1.221518987,0.02617284,1.454545455,242,352
09-10-2024,115,216,169,6047,137,0.782407407,0.022655862,0.924471299,331,306
08-10-2024,167,239,166,6013,123,0.694560669,0.020455679,0.71182266,406,289
07-10-2024,99,190,176,5968,153,0.926315789,0.025636729,1.138408304,289,329
03-10-2024,101,162,178,6118,193,1.098765432,0.031546257,1.410646388,263,371
02-10-2024,107,215,230,6091,173,1.069767442,0.028402561,1.251552795,322,403
01-10-2024,184,314,217,6040,137,0.691082803,0.022682119,0.710843373,498,354
30-09-2024,209,285,184,5967,138,0.645614035,0.0231272,0.651821862,494,322
29-09-2024,81,213,153,5925,177,0.718309859,0.029873418,1.12244898,294,330
26-09-2024,91,199,172,6090,185,0.864321608,0.030377668,1.231034483,290,357
25-09-2024,154,225,220,6050,169,0.977777778,0.027933884,1.026385224,379,389
24-09-2024,186,259,172,6023,143,0.664092664,0.023742321,0.707865169,445,315
23-09-2024,92,203,173,6002,165,0.852216749,0.027490836,1.145762712,295,338
22-09-2024,124,234,161,5989,197,0.688034188,0.032893638,1,358,358
19-09-2024,93,196,169,6270,188,0.862244898,0.029984051,1.235294118,289,357
18-09-2024,116,213,217,6245,149,1.018779343,0.023859087,1.112462006,329,366
17-09-2024,159,304,139,6227,160,0.457236842,0.025694556,0.645788337,463,299
16-09-2024,113,209,160,6229,164,0.765550239,0.026328464,1.00621118,322,324
15-09-2024,98,220,167,6234,210,0.759090909,0.033686237,1.185534591,318,377
13-09-2024,81,200,212,6326,279,1.06,0.044103699,1.747330961,281,491
12-09-2024,184,280,210,6360,220,0.75,0.034591195,0.926724138,464,430
11-09-2024,93,248,175,6410,162,0.705645161,0.025273011,0.988269795,341,337
10-09-2024,131,251,180,6396,148,0.717131474,0.023139462,0.858638743,382,328
09-09-2024,144,275,190,6353,141,0.690909091,0.022194239,0.789976134,419,331
08-09-2024,123,255,164,6312,221,0.643137255,0.035012674,1.018518519,378,385
05-09-2024,126,230,175,6448,121,0.760869565,0.018765509,0.831460674,356,296
04-09-2024,121,231,219,6375,114,0.948051948,0.017882353,0.946022727,352,333
03-09-2024,131,263,177,6272,112,0.673003802,0.017857143,0.733502538,394,289
02-09-2024,133,270,198,6192,129,0.733333333,0.020833333,0.811414392,403,327
29-08-2024,145,295,188,6250,169,0.637288136,0.02704,0.811363636,440,357
28-08-2024,170,285,178,6227,134,0.624561404,0.021519191,0.685714286,455,312
27-08-2024,149,285,222,6152,97,0.778947368,0.01576723,0.735023041,434,319
22-08-2024,182,307,205,6054,171,0.667752443,0.028245788,0.768916155,489,376
21-08-2024,134,245,167,6028,156,0.681632653,0.02587923,0.852242744,379,323
20-08-2024,136,274,245,5995,112,0.894160584,0.018682235,0.870731707,410,357
19-08-2024,176,254,162,5865,158,0.637795276,0.026939471,0.744186047,430,320
18-08-2024,86,244,235,5821,178,0.963114754,0.030578938,1.251515152,330,413
15-08-2024,124,241,156,5895,220,0.647302905,0.037319763,1.030136986,365,376
14-08-2024,109,226,191,5987,178,0.845132743,0.029731084,1.101492537,335,369
13-08-2024,162,239,189,5981,123,0.790794979,0.020565123,0.778054863,401,312
12-08-2024,109,219,155,5903,148,0.707762557,0.025071997,0.923780488,328,303
11-08-2024,95,211,140,5894,249,0.663507109,0.042246352,1.27124183,306,389
08-08-2024,119,230,213,6084,174,0.926086957,0.028599606,1.108882521,349,387
07-08-2024,135,273,207,6038,174,0.758241758,0.028817489,0.933823529,408,381
06-08-2024,163,283,200,5998,143,0.706713781,0.02384128,0.769058296,446,343
05-08-2024,172,259,138,5950,150,0.532818533,0.025210084,0.668213457,431,288
04-08-2024,63,167,143,5943,170,0.856287425,0.028605082,1.360869565,230,313
01-08-2024,227,298,212,6016,169,0.711409396,0.028091755,0.725714286,525,381
31-07-2024,140,261,163,5963,154,0.624521073,0.025825927,0.790523691,401,317
30-07-2024,125,203,208,5930,92,1.024630542,0.015514334,0.914634146,328,300
29-07-2024,114,210,219,5819,163,1.042857143,0.028011686,1.179012346,324,382
28-07-2024,152,290,199,5743,207,0.686206897,0.03604388,0.918552036,442,406
25-07-2024,93,198,208,5954,194,1.050505051,0.032583137,1.381443299,291,402
24-07-2024,137,272,166,5927,177,0.610294118,0.029863337,0.838630807,409,343
23-07-2024,120,257,126,5965,170,0.490272374,0.028499581,0.785145889,377,296
22-07-2024,102,189,155,6002,234,0.82010582,0.038987004,1.336769759,291,389
21-07-2024,90,196,205,6058,262,1.045918367,0.043248597,1.632867133,286,467
17-07-2024,128,228,177,6228,187,0.776315789,0.03002569,1.02247191,356,364
16-07-2024,136,246,123,6239,173,0.5,0.027728803,0.77486911,382,296
15-07-2024,105,185,158,6283,171,0.854054054,0.027216298,1.134482759,290,329
14-07-2024,116,188,164,6308,237,0.872340426,0.037571338,1.319078947,304,401
11-07-2024,80,176,125,6640,197,0.710227273,0.029668675,1.2578125,256,322
10-07-2024,150,157,201,6649,177,1.280254777,0.026620544,1.231270358,307,378
09-07-2024,116,181,182,6651,130,1.005524862,0.019545933,1.050505051,297,312
08-07-2024,141,173,129,6617,123,0.74566474,0.018588484,0.802547771,314,252
07-07-2024,96,160,233,6599,213,1.45625,0.032277618,1.7421875,256,446
04-07-2024,158,226,191,6790,225,0.845132743,0.033136966,1.083333333,384,416
02-07-2024,141,232,188,6823,184,0.810344828,0.02696761,0.997319035,373,372
01-07-2024,123,233,159,6825,229,0.682403433,0.033553114,1.08988764,356,388
30-06-2024,123,230,167,6874,273,0.726086957,0.039714868,1.246458924,353,440
27-06-2024,174,208,256,7248,268,1.230769231,0.036975717,1.371727749,382,524
26-06-2024,132,235,197,7268,187,0.838297872,0.025729224,1.046321526,367,384
25-06-2024,172,263,191,7239,202,0.726235741,0.027904407,0.903448276,435,393
24-06-2024,116,175,172,7239,202,0.982857143,0.027904407,1.285223368,291,374
23-06-2024,102,227,201,7247,294,0.885462555,0.040568511,1.504559271,329,495
20-06-2024,145,247,243,7431,235,0.983805668,0.031624277,1.219387755,392,478
19-06-2024,204,321,246,7433,198,0.76635514,0.026637966,0.845714286,525,444
18-06-2024,160,297,253,7340,214,0.851851852,0.029155313,1.021881838,457,467
17-06-2024,159,310,272,7318,224,0.877419355,0.030609456,1.057569296,469,496
16-06-2024,204,315,233,7307,294,0.73968254,0.040235391,1.015414258,519,527
13-06-2024,167,293,230,7544,259,0.784982935,0.034331919,1.063043478,460,489
12-06-2024,152,266,274,7548,212,1.030075188,0.02808691,1.162679426,418,486
11-06-2024,186,352,224,7493,156,0.636363636,0.020819431,0.706319703,538,380
10-06-2024,184,334,229,7439,212,0.685628743,0.028498454,0.851351351,518,441
09-06-2024,116,289,166,7451,312,0.574394464,0.041873574,1.180246914,405,478
06-06-2024,179,326,282,7741,238,0.865030675,0.030745382,1.02970297,505,520
05-06-2024,173,345,291,7691,198,0.843478261,0.025744377,0.944015444,518,489
04-06-2024,260,356,176,7565,203,0.494382022,0.026834104,0.61525974,616,379
03-06-2024,109,244,257,7596,224,1.053278689,0.029489205,1.362606232,353,481
02-06-2024,159,330,322,7546,306,0.975757576,0.040551285,1.284253579,489,628
30-05-2024,167,406,339,7563,190,0.834975369,0.025122306,0.923211169,573,529
29-05-2024,182,462,158,7491,141,0.341991342,0.018822587,0.464285714,644,299
28-05-2024,153,348,239,7418,151,0.686781609,0.020355891,0.778443114,501,390
27-05-2024,156,344,252,7365,167,0.73255814,0.022674813,0.838,500,419
23-05-2024,193,272,314,7494,227,1.154411765,0.030290899,1.16344086,465,541
22-05-2024,168,349,272,7474,208,0.779369628,0.02782981,0.928433269,517,480
21-05-2024,196,348,176,7404,145,0.505747126,0.019584009,0.590073529,544,321
20-05-2024,111,268,217,7368,192,0.809701493,0.026058632,1.079155673,379,409
19-05-2024,143,295,278,7356,298,0.942372881,0.040511147,1.315068493,438,576
16-05-2024,206,340,214,7565,234,0.629411765,0.030931923,0.820512821,546,448
15-05-2024,115,285,341,7589,265,1.196491228,0.034918962,1.515,400,606
14-05-2024,246,419,218,7546,186,0.520286396,0.024648821,0.607518797,665,404
13-05-2024,112,331,167,7499,157,0.504531722,0.020936125,0.731376975,443,324
12-05-2024,138,301,263,7464,245,0.873754153,0.032824223,1.157175399,439,508
09-05-2024,138,285,268,7570,244,0.940350877,0.032232497,1.210401891,423,512
08-05-2024,167,374,205,7583,202,0.548128342,0.026638534,0.752310536,541,407
07-05-2024,176,334,246,7566,163,0.736526946,0.021543748,0.801960784,510,409
06-05-2024,173,337,211,7449,205,0.62611276,0.027520473,0.815686275,510,416
05-05-2024,150,315,228,7447,332,0.723809524,0.044581711,1.204301075,465,560
02-05-2024,206,411,293,7577,194,0.712895377,0.025603801,0.789303079,617,487
01-05-2024,197,437,295,7508,190,0.675057208,0.02530634,0.764984227,634,485
30-04-2024,220,443,194,7431,135,0.437923251,0.018167138,0.496229261,663,329
29-04-2024,140,292,255,7373,187,0.873287671,0.02536281,1.023148148,432,442
28-04-2024,158,349,365,7298,250,1.045845272,0.034255961,1.213017751,507,615
25-04-2024,145,357,333,7209,217,0.932773109,0.030101262,1.09561753,502,550
24-04-2024,253,411,307,7128,154,0.746958637,0.021604938,0.694277108,664,461
23-04-2024,252,427,307,6967,134,0.718969555,0.019233529,0.649484536,679,441
22-04-2024,176,424,251,6799,214,0.591981132,0.031475217,0.775,600,465
21-04-2024,208,380,343,6745,240,0.902631579,0.035581913,0.991496599,588,583
18-04-2024,144,322,258,6728,260,0.801242236,0.038644471,1.111587983,466,518
17-04-2024,182,371,274,6725,227,0.738544474,0.033754647,0.90596745,553,501
16-04-2024,219,392,205,6685,163,0.522959184,0.024382947,0.602291326,611,368
15-04-2024,144,303,176,6681,191,0.580858086,0.028588535,0.821029083,447,367
14-04-2024,128,245,243,6630,290,0.991836735,0.043740573,1.428954424,373,533
11-04-2024,183,221,220,6912,285,0.995475113,0.041232639,1.25,404,505
10-04-2024,117,244,142,6999,227,0.581967213,0.032433205,1.022160665,361,369
09-04-2024,118,231,217,7043,130,0.939393939,0.018458043,0.994269341,349,347
08-04-2024,102,230,167,6988,199,0.726086957,0.02847739,1.102409639,332,366
07-04-2024,106,239,233,6982,279,0.974895397,0.039959897,1.484057971,345,512
04-04-2024,95,226,152,7317,225,0.672566372,0.030750308,1.174454829,321,377
03-04-2024,124,230,190,7346,163,0.826086957,0.022188946,0.997175141,354,353
02-04-2024,101,230,175,7340,132,0.760869565,0.017983651,0.927492447,331,307
01-04-2024,109,235,171,7271,172,0.727659574,0.023655618,0.997093023,344,343
31-03-2024,105,254,151,7257,287,0.594488189,0.039548023,1.22005571,359,438
28-03-2024,161,288,248,7762,360,0.861111111,0.046379799,1.354120267,449,608
27-03-2024,129,287,185,7893,215,0.644599303,0.027239326,0.961538462,416,400
26-03-2024,187,276,200,7919,208,0.724637681,0.026265943,0.881209503,463,408
25-03-2024,128,242,224,7899,229,0.925619835,0.028991012,1.224324324,370,453
24-03-2024,124,264,221,7899,373,0.837121212,0.047221167,1.530927835,388,594
21-03-2024,132,261,141,8292,235,0.540229885,0.028340569,0.956743003,393,376
20-03-2024,91,181,174,8365,227,0.961325967,0.02713688,1.474264706,272,401
19-03-2024,99,202,256,8390,197,1.267326733,0.023480334,1.504983389,301,453
18-03-2024,123,243,188,8333,283,0.773662551,0.033961358,1.286885246,366,471
17-03-2024,127,260,259,8373,342,0.996153846,0.040845575,1.552971576,387,601
14-03-2024,166,301,252,8695,310,0.837209302,0.035652674,1.203426124,467,562
13-03-2024,165,358,167,8819,239,0.466480447,0.027100578,0.776290631,523,406
12-03-2024,154,294,290,8843,213,0.986394558,0.024086848,1.122767857,448,503
11-03-2024,178,336,290,8757,253,0.863095238,0.028891173,1.056420233,514,543
10-03-2024,190,368,326,8714,373,0.885869565,0.042804682,1.252688172,558,699
07-03-2024,181,424,328,8902,305,0.773584906,0.034261964,1.046280992,605,633
06-03-2024,230,457,277,8870,232,0.606126915,0.026155581,0.740902475,687,509
05-03-2024,246,472,345,8800,214,0.730932203,0.024318182,0.778551532,718,559
04-03-2024,225,509,340,8660,229,0.667976424,0.026443418,0.77520436,734,569
03-03-2024,236,468,347,8594,354,0.741452991,0.041191529,0.995738636,704,701
29-02-2024,262,444,354,8724,299,0.797297297,0.034273269,0.924929178,706,653
28-02-2024,209,447,274,8699,257,0.612975391,0.029543626,0.80945122,656,531
27-02-2024,197,369,306,8650,206,0.829268293,0.023815029,0.90459364,566,512
26-02-2024,199,438,326,8404,329,0.744292237,0.039148025,1.028257457,637,655
25-02-2024,244,482,366,8404,329,0.7593361,0.039148025,0.957300275,726,695
22-02-2024,165,400,292,8607,293,0.73,0.034042059,1.03539823,565,585
21-02-2024,232,430,318,8573,231,0.739534884,0.02694506,0.829305136,662,549
20-02-2024,149,395,273,8488,192,0.691139241,0.02262017,0.854779412,544,465
19-02-2024,249,420,371,8380,218,0.883333333,0.02601432,0.880418535,669,589
15-02-2024,333,508,272,8463,312,0.535433071,0.036866359,0.694411415,841,584
14-02-2024,185,322,272,8512,230,0.844720497,0.027020677,0.990138067,507,502
13-02-2024,227,369,349,8348,160,0.945799458,0.019166267,0.854026846,596,509
12-02-2024,213,430,440,8092,234,1.023255814,0.028917449,1.048211509,643,674
11-02-2024,205,515,226,8056,347,0.438834951,0.043073486,0.795833333,720,573
08-02-2024,298,499,358,8188,315,0.71743487,0.038470933,0.844416562,797,673
07-02-2024,227,453,330,8160,222,0.728476821,0.027205882,0.811764706,680,552
06-02-2024,291,455,323,8045,178,0.70989011,0.022125544,0.671581769,746,501
05-02-2024,157,466,345,7872,242,0.740343348,0.03074187,0.942215088,623,587
04-02-2024,253,531,248,7813,342,0.467043315,0.043773199,0.75255102,784,590
01-02-2024,222,459,289,8026,337,0.62962963,0.041988537,0.919236417,681,626
31-01-2024,203,477,258,8153,266,0.540880503,0.032626027,0.770588235,680,524
30-01-2024,93,198,208,8182,187,1.050505051,0.022855048,1.357388316,291,395
29-01-2024,137,272,166,8057,195,0.610294118,0.024202557,0.882640587,409,361
28-01-2024,120,257,126,8004,307,0.490272374,0.038355822,1.148541114,377,433
25-01-2024,102,189,155,8180,293,0.82010582,0.035819071,1.5395189,291,448
24-01-2024,90,196,205,8212,243,1.045918367,0.029590843,1.566433566,286,448
23-01-2024,128,228,177,8133,202,0.776315789,0.024837083,1.064606742,356,379
22-01-2024,136,246,123,8008,222,0.5,0.027722278,0.903141361,382,345
21-01-2024,105,185,158,7974,371,0.854054054,0.04652621,1.824137931,290,529
18-01-2024,116,188,164,8042,359,0.872340426,0.044640637,1.720394737,304,523
17-01-2024,80,176,125,8072,353,0.710227273,0.043731417,1.8671875,256,478
16-01-2024,32,49,39,8133,188,0.795918367,0.023115701,2.802469136,81,227
15-01-2024,33,53,34,8033,234,0.641509434,0.029129839,3.11627907,86,268
11-01-2024,29,51,11,8829,476,0.215686275,0.05391324,6.0875,80,487
10-01-2024,91,75,97,9144,349,1.293333333,0.038167104,2.686746988,166,446
09-01-2024,62,97,52,9311,286,0.536082474,0.030716357,2.125786164,159,338
08-01-2024,59,64,117,9670,367,1.828125,0.03795243,3.93495935,123,484
07-01-2024,84,118,136,9670,367,1.152542373,0.03795243,2.49009901,202,503
04-01-2024,86,152,168,10558,362,1.105263158,0.034286797,2.226890756,238,530
03-01-2024,106,196,131,10718,263,0.668367347,0.02453816,1.304635762,302,394
02-01-2024,113,162,107,10770,316,0.660493827,0.029340761,1.538181818,275,423
01-01-2024,92,124,93,10870,290,0.75,0.026678933,1.773148148,216,383
28-12-2023,68,107,102,11230,357,0.953271028,0.031789849,2.622857143,175,459
27-12-2023,74,103,80,11206,335,0.776699029,0.029894699,2.344632768,177,415
26-12-2023,56,82,68,11217,288,0.829268293,0.025675314,2.579710145,138,356
25-12-2023,90,196,205,11144,347,1.045918367,0.031137832,1.93006993,286,552
21-12-2023,128,228,177,11375,497,0.776315789,0.043692308,1.893258427,356,674
20-12-2023,136,246,123,11516,390,0.5,0.033865926,1.342931937,382,513
19-12-2023,105,185,158,11291,272,0.854054054,0.024089983,1.482758621,290,430
18-12-2023,116,188,164,11149,364,0.872340426,0.032648668,1.736842105,304,528
17-12-2023,80,176,125,11092,456,0.710227273,0.04111071,2.26953125,256,581
14-12-2023,150,157,201,11242,396,1.280254777,0.035225049,1.944625407,307,597
13-12-2023,116,181,182,11192,335,1.005524862,0.029932094,1.740740741,297,517
12-12-2023,141,173,129,11077,259,0.74566474,0.023381782,1.23566879,314,388
11-12-2023,96,160,233,10998,304,1.45625,0.027641389,2.09765625,256,537
10-12-2023,158,226,191,10871,411,0.845132743,0.037807009,1.567708333,384,602
07-12-2023,141,232,188,10897,466,0.810344828,0.042764064,1.753351206,373,654
06-12-2023,123,233,159,10832,376,0.682403433,0.034711965,1.502808989,356,535
05-12-2023,123,230,167,10761,261,0.726086957,0.024254251,1.212464589,353,428
04-12-2023,174,208,256,10635,273,1.230769231,0.025669958,1.384816754,382,529
03-12-2023,132,235,197,10579,417,0.838297872,0.039417714,1.673024523,367,614
30-11-2023,92,124,93,10536,320,0.75,0.030372058,1.912037037,216,413
29-11-2023,68,107,102,10398,284,0.953271028,0.027312945,2.205714286,175,386
28-11-2023,74,103,80,10223,223,0.776699029,0.021813558,1.711864407,177,303
27-11-2023,56,82,68,10123,214,0.829268293,0.021139978,2.043478261,138,282
26-11-2023,90,196,205,9845,312,1.045918367,0.031691214,1.807692308,286,517
23-11-2023,128,228,177,9838,283,0.776315789,0.028766009,1.292134831,356,460
21-11-2023,136,246,123,9804,250,0.5,0.025499796,0.976439791,382,373
20-11-2023,105,185,158,9638,298,0.854054054,0.030919278,1.572413793,290,456
19-11-2023,116,188,164,9573,435,0.872340426,0.045440301,1.970394737,304,599
16-11-2023,80,176,125,9762,374,0.710227273,0.038311821,1.94921875,256,499
15-11-2023,150,157,201,9762,316,1.280254777,0.032370416,1.684039088,307,517
14-11-2023,116,181,182,9665,247,1.005524862,0.02555613,1.444444444,297,429
13-11-2023,141,173,129,9510,287,0.74566474,0.030178759,1.324840764,314,416
12-11-2023,96,160,233,9477,313,1.45625,0.033027329,2.1328125,256,546
08-11-2023,158,226,191,9634,310,0.845132743,0.032177704,1.3046875,384,501
07-11-2023,141,232,188,9483,231,0.810344828,0.02435938,1.123324397,373,419
06-11-2023,123,233,159,9286,316,0.682403433,0.034029722,1.334269663,356,475
05-11-2023,123,230,167,9273,370,0.726086957,0.039900787,1.521246459,353,537
02-11-2023,174,208,256,9442,330,1.230769231,0.034950222,1.534031414,382,586
01-11-2023,132,235,197,9250,279,0.838297872,0.030162162,1.297002725,367,476
31-10-2023,33,53,34,9072,295,0.641509434,0.032517637,3.825581395,86,329
30-10-2023,29,51,11,9026,278,0.215686275,0.030799911,3.6125,80,289
29-10-2023,91,75,97,8925,418,1.293333333,0.046834734,3.102409639,166,515
26-10-2023,62,97,52,9235,390,0.536082474,0.042230644,2.779874214,159,442
25-10-2023,59,64,117,9351,293,1.828125,0.031333547,3.333333333,123,410
24-10-2023,84,118,136,9396,300,1.152542373,0.03192848,2.158415842,202,436
23-10-2023,86,152,168,9436,327,1.105263158,0.034654515,2.079831933,238,495
22-10-2023,106,196,131,9506,454,0.668367347,0.04775931,1.937086093,302,585
19-10-2023,113,162,107,10319,406,0.660493827,0.039344898,1.865454545,275,513
18-10-2023,92,124,93,10511,393,0.75,0.037389402,2.25,216,486
17-10-2023,68,107,102,10630,315,0.953271028,0.029633114,2.382857143,175,417
16-10-2023,74,103,80,10629,331,0.776699029,0.031141217,2.322033898,177,411
15-10-2023,56,82,68,10571,434,0.829268293,0.041055718,3.637681159,138,502
12-10-2023,38,80,82,10992,398,1.025,0.036208151,4.06779661,118,480
11-10-2023,65,83,65,10960,266,0.78313253,0.024270073,2.236486486,148,331
10-10-2023,41,60,71,10910,257,1.183333333,0.02355637,3.247524752,101,328
09-10-2023,43,73,64,10815,282,0.876712329,0.026074896,2.982758621,116,346
05-10-2023,35,70,53,11130,427,0.757142857,0.03836478,4.571428571,105,480
04-10-2023,25,66,94,10963,330,1.424242424,0.03010125,4.659340659,91,424
03-10-2023,99,156,139,10818,287,0.891025641,0.026529858,1.670588235,255,426
02-10-2023,107,170,133,10724,284,0.782352941,0.026482656,1.505415162,277,417
01-10-2023,80,122,152,10598,493,1.245901639,0.046518211,3.193069307,202,645
28-09-2023,57,162,193,10984,447,1.191358025,0.040695557,2.922374429,219,640
27-09-2023,161,304,211,11017,331,0.694078947,0.030044477,1.165591398,465,542
26-09-2023,205,294,177,10978,332,0.602040816,0.030242303,1.02004008,499,509
25-09-2023,100,255,236,10842,284,0.925490196,0.026194429,1.464788732,355,520
24-09-2023,269,412,204,10744,403,0.495145631,0.037509308,0.89133627,681,607
21-09-2023,168,285,210,11067,428,0.736842105,0.038673534,1.408388521,453,638
20-09-2023,187,310,247,11064,364,0.796774194,0.032899494,1.229376258,497,611
19-09-2023,133,287,189,11095,260,0.658536585,0.023433979,1.069047619,420,449
18-09-2023,180,337,219,10892,313,0.649851632,0.028736687,1.02901354,517,532
17-09-2023,153,253,286,10799,427,1.130434783,0.039540698,1.756157635,406,713
14-09-2023,209,353,232,10837,414,0.657223796,0.038202455,1.149466192,562,646
13-09-2023,167,326,213,10678,343,0.653374233,0.03212212,1.127789047,493,556
12-09-2023,224,315,152,10649,316,0.482539683,0.029674148,0.868274583,539,468
11-09-2023,132,243,183,10492,277,0.75308642,0.026401067,1.226666667,375,460
10-09-2023,218,283,208,10282,382,0.734982332,0.037152305,1.177644711,501,590
07-09-2023,118,245,160,10419,398,0.653061224,0.038199443,1.537190083,363,558
06-09-2023,81,230,242,10356,291,1.052173913,0.028099652,1.713826367,311,533
05-09-2023,236,330,222,10142,243,0.672727273,0.023959771,0.82155477,566,465
04-09-2023,196,306,187,9988,293,0.611111111,0.029335202,0.956175299,502,480
31-08-2023,113,280,237,10140,505,0.846428571,0.049802761,1.888040712,393,742
30-08-2023,239,367,224,10280,366,0.610354223,0.035603113,0.97359736,606,590
29-08-2023,152,272,214,10180,286,0.786764706,0.028094303,1.179245283,424,500
28-08-2023,170,297,196,10012,388,0.65993266,0.038753496,1.250535332,467,584
27-08-2023,191,283,192,9873,488,0.67844523,0.049427732,1.434599156,474,680
24-08-2023,109,214,173,10026,443,0.808411215,0.044185119,1.907120743,323,616
23-08-2023,155,212,181,10071,285,0.853773585,0.028299077,1.269754768,367,466
22-08-2023,119,209,152,9921,230,0.727272727,0.023183147,1.164634146,328,382
21-08-2023,143,203,163,9668,281,0.802955665,0.029064957,1.283236994,346,444
20-08-2023,105,210,149,9483,390,0.70952381,0.041126226,1.711111111,315,539
17-08-2023,119,219,210,9694,407,0.95890411,0.041984733,1.825443787,338,617
16-08-2023,148,245,175,9634,288,0.714285714,0.029894125,1.178117048,393,463
10-08-2023,142,235,139,8914,353,0.591489362,0.039600628,1.305039788,377,492
09-08-2023,118,139,168,8888,251,1.208633094,0.028240324,1.630350195,257,419
08-08-2023,125,232,192,8725,207,0.827586207,0.023724928,1.117647059,357,399
07-08-2023,156,256,176,8493,202,0.6875,0.023784293,0.917475728,412,378
06-08-2023,109,245,159,8298,322,0.648979592,0.038804531,1.358757062,354,481
03-08-2023,167,209,157,8294,339,0.751196172,0.04087292,1.319148936,376,496
02-08-2023,84,171,157,8261,271,0.918128655,0.032804745,1.678431373,255,428
01-08-2023,87,246,173,8103,168,0.703252033,0.020733062,1.024024024,333,341
31-07-2023,136,276,178,7800,220,0.644927536,0.028205128,0.966019417,412,398
30-07-2023,166,277,229,7671,305,0.826714801,0.039760136,1.205417607,443,534
27-07-2023,110,272,193,7754,259,0.709558824,0.033402115,1.183246073,382,452
26-07-2023,202,313,158,7647,215,0.504792332,0.028115601,0.724271845,515,373
25-07-2023,134,294,186,7510,136,0.632653061,0.018109188,0.752336449,428,322
24-07-2023,180,280,146,7220,187,0.521428571,0.025900277,0.723913043,460,333
23-07-2023,108,220,213,7052,276,0.968181818,0.039137833,1.490853659,328,489
20-07-2023,147,276,214,7116,281,0.775362319,0.039488477,1.170212766,423,495
19-07-2023,104,230,206,7001,226,0.895652174,0.032281103,1.293413174,334,432
18-07-2023,174,285,150,6874,181,0.526315789,0.026331103,0.721132898,459,331
17-07-2023,113,208,159,6632,160,0.764423077,0.024125452,0.99376947,321,319
16-07-2023,88,214,160,6468,218,0.747663551,0.033704391,1.251655629,302,378
13-07-2023,130,227,192,6604,226,0.845814978,0.034221684,1.170868347,357,418
12-07-2023,84,158,193,6521,210,1.221518987,0.03220365,1.665289256,242,403
11-07-2023,115,216,169,6498,143,0.782407407,0.022006771,0.942598187,331,312
10-07-2023,167,239,166,6346,163,0.694560669,0.025685471,0.810344828,406,329
09-07-2023,99,190,176,6214,196,0.926315789,0.03154168,1.287197232,289,372
06-07-2023,101,162,178,6239,205,1.098765432,0.03285783,1.456273764,263,383
05-07-2023,107,215,230,6193,167,1.069767442,0.026965929,1.232919255,322,397
04-07-2023,184,314,217,6127,124,0.691082803,0.02023829,0.684738956,498,341
02-07-2023,209,285,184,5903,309,0.645614035,0.052346265,0.997975709,494,493
29-06-2023,81,213,153,6058,213,0.718309859,0.035160119,1.244897959,294,366
28-06-2023,91,199,172,5999,174,0.864321608,0.029004834,1.193103448,290,346
27-06-2023,154,225,220,5917,155,0.977777778,0.026195707,0.98944591,379,375
26-06-2023,186,259,172,5819,174,0.664092664,0.029902045,0.77752809,445,346
25-06-2023,92,203,173,5766,263,0.852216749,0.04561221,1.477966102,295,436
22-06-2023,124,234,161,5956,207,0.688034188,0.034754869,1.027932961,358,368
21-06-2023,93,196,169,5922,149,0.862244898,0.025160419,1.100346021,289,318
20-06-2023,33,53,34,5904,134,0.641509434,0.022696477,1.953488372,86,168
19-06-2023,29,51,11,5679,142,0.215686275,0.025004402,1.9125,80,153
15-06-2023,91,75,97,6038,272,1.293333333,0.045048029,2.222891566,166,369
14-06-2023,62,97,52,6065,167,0.536082474,0.027535037,1.377358491,159,219
13-06-2023,59,64,117,6061,146,1.828125,0.024088434,2.138211382,123,263
12-06-2023,84,118,136,6021,177,1.152542373,0.02939711,1.54950495,202,313
11-06-2023,86,152,168,6007,238,1.105263158,0.039620443,1.705882353,238,406
08-06-2023,106,196,131,6446,255,0.668367347,0.039559417,1.278145695,302,386
07-06-2023,113,162,107,6483,208,0.660493827,0.032083912,1.145454545,275,315
06-06-2023,92,124,93,6508,187,0.75,0.028733866,1.296296296,216,280
05-06-2023,68,107,102,6523,189,0.953271028,0.028974398,1.662857143,175,291
04-06-2023,74,103,80,6555,292,0.776699029,0.044546148,2.101694915,177,372
01-06-2023,56,82,68,7002,287,0.829268293,0.040988289,2.572463768,138,355
31-05-2023,38,80,82,7053,210,1.025,0.029774564,2.474576271,118,292
30-05-2023,65,83,65,7046,168,0.78313253,0.023843315,1.574324324,148,233
29-05-2023,41,60,71,6996,207,1.183333333,0.029588336,2.752475248,101,278
25-05-2023,43,73,64,7546,408,0.876712329,0.054068381,4.068965517,116,472
24-05-2023,35,70,53,7709,276,0.757142857,0.035802309,3.133333333,105,329
23-05-2023,25,66,94,7788,246,1.424242424,0.031587057,3.736263736,91,340
22-05-2023,99,156,139,7848,240,0.891025641,0.03058104,1.48627451,255,379
21-05-2023,107,170,133,7826,343,0.782352941,0.043828265,1.718411552,277,476
18-05-2023,80,122,152,8474,351,1.245901639,0.041420817,2.49009901,202,503
17-05-2023,57,162,193,8569,307,1.191358025,0.035826818,2.283105023,219,500
16-05-2023,161,304,211,8572,272,0.694078947,0.031731218,1.038709677,465,483
15-05-2023,205,294,177,8571,277,0.602040816,0.032318283,0.909819639,499,454
14-05-2023,100,255,236,8445,288,0.925490196,0.03410302,1.476056338,355,524
11-05-2023,269,412,204,8672,392,0.495145631,0.045202952,0.875183554,681,596
10-05-2023,168,285,210,8681,304,0.736842105,0.035019007,1.134657837,453,514
09-05-2023,187,310,247,8606,250,0.796774194,0.0290495,1,497,497
08-05-2023,133,287,189,8590,261,0.658536585,0.030384168,1.071428571,420,450
07-05-2023,180,337,219,8485,375,0.649851632,0.044195639,1.14893617,517,594
04-05-2023,153,253,286,8790,332,1.130434783,0.037770193,1.522167488,406,618
03-05-2023,209,353,232,8704,267,0.657223796,0.030675551,0.887900356,562,499
02-05-2023,167,326,213,8654,245,0.653374233,0.028310608,0.929006085,493,458
01-05-2023,224,315,152,8492,237,0.482539683,0.02790862,0.721706865,539,389
30-04-2023,132,243,183,8352,293,0.75308642,0.035081418,1.269333333,375,476
27-04-2023,218,283,208,8159,310,0.734982332,0.037994852,1.033932136,501,518
26-04-2023,118,245,160,8117,256,0.653061224,0.031538746,1.14600551,363,416
25-04-2023,81,230,242,8017,202,1.052173913,0.025196458,1.427652733,311,444
24-04-2023,236,330,222,7796,213,0.672727273,0.027321703,0.768551237,566,435
23-04-2023,196,306,187,7534,266,0.611111111,0.03530661,0.902390438,502,453
20-04-2023,113,280,237,7490,320,0.846428571,0.042723632,1.417302799,393,557
19-04-2023,239,367,224,7356,229,0.610354223,0.031131049,0.747524752,606,453
18-04-2023,152,272,214,7376,234,0.786764706,0.031724512,1.056603774,424,448
17-04-2023,170,297,196,7344,248,0.65993266,0.033769063,0.950749465,467,444
16-04-2023,191,283,192,7380,272,0.67844523,0.036856369,0.978902954,474,464
13-04-2023,109,214,173,7795,370,0.808411215,0.047466325,1.681114551,323,543
12-04-2023,155,212,181,7876,283,0.853773585,0.035931945,1.264305177,367,464
11-04-2023,119,209,152,7922,187,0.727272727,0.02360515,1.033536585,328,339
10-04-2023,143,203,163,7826,265,0.802955665,0.033861487,1.23699422,346,428
09-04-2023,105,210,149,7900,329,0.70952381,0.04164557,1.517460317,315,478
06-04-2023,119,219,210,8178,284,0.95890411,0.034727317,1.461538462,338,494
05-04-2023,148,245,175,8175,260,0.714285714,0.031804281,1.106870229,393,435
04-04-2023,142,235,139,8068,259,0.591489362,0.032102132,1.055702918,377,398
03-04-2023,118,139,168,8054,284,1.208633094,0.035261982,1.758754864,257,452
02-04-2023,125,232,192,7981,304,0.827586207,0.038090465,1.389355742,357,496
30-03-2023,156,256,176,8158,359,0.6875,0.044005884,1.298543689,412,535
29-03-2023,109,245,159,8208,267,0.648979592,0.03252924,1.203389831,354,426
28-03-2023,167,209,157,8079,223,0.751196172,0.027602426,1.010638298,376,380
27-03-2023,84,171,157,7994,235,0.918128655,0.029397048,1.537254902,255,392
26-03-2023,87,246,173,7847,352,0.703252033,0.044857907,1.576576577,333,525
23-03-2023,136,276,178,8102,331,0.644927536,0.04085411,1.235436893,412,509
22-03-2023,166,277,229,8097,246,0.826714801,0.030381623,1.072234763,443,475
21-03-2023,110,272,193,8050,221,0.709558824,0.027453416,1.083769634,382,414
20-03-2023,202,313,158,7931,279,0.504792332,0.035178414,0.848543689,515,437
19-03-2023,134,294,186,7885,306,0.632653061,0.038807863,1.14953271,428,492
16-03-2023,180,280,146,7989,308,0.521428571,0.03855301,0.986956522,460,454
15-03-2023,108,220,213,7915,286,0.968181818,0.036133923,1.521341463,328,499
14-03-2023,147,276,214,7810,181,0.775362319,0.023175416,0.933806147,423,395
13-03-2023,104,230,206,7567,249,0.895652174,0.032906039,1.362275449,334,455
09-03-2023,174,285,150,7786,340,0.526315789,0.043668122,1.067538126,459,490
08-03-2023,113,208,159,7885,291,0.764423077,0.036905517,1.401869159,321,450
07-03-2023,88,214,160,7859,259,0.747663551,0.032955847,1.387417219,302,419
02-03-2023,130,227,192,7870,335,0.845814978,0.042566709,1.476190476,357,527
01-03-2023,84,158,193,7930,307,1.221518987,0.038713745,2.066115702,242,500
28-02-2023,115,216,169,7896,200,0.782407407,0.025329281,1.114803625,331,369
27-02-2023,167,239,166,7800,248,0.694560669,0.031794872,1.019704433,406,414
26-02-2023,99,190,176,7609,323,0.926315789,0.042449731,1.726643599,289,499
23-02-2023,101,162,178,7914,386,1.098765432,0.048774324,2.144486692,263,564
22-02-2023,107,215,230,7978,232,1.069767442,0.02907997,1.434782609,322,462
21-02-2023,184,314,217,7967,213,0.691082803,0.026735283,0.863453815,498,430
20-02-2023,209,285,184,7817,209,0.645614035,0.0267366,0.795546559,494,393
16-02-2023,81,213,153,7793,361,0.718309859,0.046323624,1.74829932,294,514
15-02-2023,91,199,172,7869,290,0.864321608,0.036853476,1.593103448,290,462
14-02-2023,154,225,220,7794,223,0.977777778,0.028611753,1.168865435,379,443
13-02-2023,186,259,172,7483,244,0.664092664,0.032607243,0.934831461,445,416
12-02-2023,92,203,173,7434,317,0.852216749,0.042641916,1.661016949,295,490
09-02-2023,124,234,161,7908,353,0.688034188,0.044638341,1.43575419,358,514
08-02-2023,93,196,169,7915,317,0.862244898,0.040050537,1.6816609,289,486
07-02-2023,16,20,20,7855,200,1,0.025461489,6.111111111,36,220
06-02-2023,11,22,12,7720,196,0.545454545,0.025388601,6.303030303,33,208
05-02-2023,16,18,15,7586,342,0.833333333,0.045083048,10.5,34,357
02-02-2023,15,13,23,7879,298,1.769230769,0.037822059,11.46428571,28,321
01-02-2023,25,32,27,7903,231,0.84375,0.029229407,4.526315789,57,258
31-01-2023,26,36,36,7803,158,1,0.020248622,3.129032258,62,194
30-01-2023,34,54,29,7743,196,0.537037037,0.025313186,2.556818182,88,225
29-01-2023,23,45,11,7472,303,0.244444444,0.040551392,4.617647059,68,314
25-01-2023,20,22,41,7538,180,1.863636364,0.023879013,5.261904762,42,221
24-01-2023,47,42,47,7433,175,1.119047619,0.023543657,2.494382022,89,222
23-01-2023,32,50,39,7280,181,0.78,0.024862637,2.682926829,82,220
22-01-2023,32,49,39,7122,227,0.795918367,0.031873069,3.283950617,81,266
12-01-2023,33,53,34,6566,436,0.641509434,0.06640268,5.465116279,86,470
